set search_path = company_database, public;

insert into position (name)
values ('CEO'),
       ('Manager'),
       ('Intern Developer'),
       ('Developer'),
       ('Lead Developer'),
       ('Designer'),
       ('Analyst')
;

insert into office (office_code, name, city)
values ('NY01', 'Times Square Office', 'New York'),
       ('NY02', 'Brooklyn Office', 'New York'),
       ('SF01', 'Lombard Street Office', 'San Francisco');

insert into meeting_room (name, office_code)
values ('MR.NY01.09.01', 'NY01'),
       ('MR.NY01.10.01', 'NY01'),
       ('MR.NY01.10.02', 'NY01'),
       ('MR.NY02.03.01', 'NY02'),
       ('MR.NY02.03.02', 'NY02'),
       ('MR.SF01.02.01', 'SF01');

insert into employee (position_id, first_name, second_name, birth_date, phone_number, salary, load, is_active)
VALUES -- CEOs
       (1, 'Eric', 'Anderson', '1972-12-24', '8(923)-123-3455', 200000, 40, false),
       (1, 'John', 'Doe', '1990-01-15', '+1234567890', 350000, 40, true),
       -- Managers
       (2, 'Jane', 'Smith', '1985-05-20', '+9876543210', 98000, 30, true),
       -- Intern Developers
       (3, 'Nicola', 'Jefferson', '2002-05-28', '+7832-345-6477', 20000, 8, true),
       -- Developers
       (4, 'Ali', 'Belyakov', '1992-01-13', '+7(345)266-8849', 98000, 2, true),
       (4, 'Mike', 'Johnson', '1998-08-10', '+7(421)263-6822', 112000, 35, true),
       (4, 'Zhanatan', 'Berrington', '1996-02-19', '+7(865)215-7908', 108000, 40, true),
       (4, 'Vitaliy', 'Chekhov', '1999-12-18', '+7(351)766-2868', 106000, 35, true),
       (4, 'Ivan', 'Pechkin', '1995-08-10', '+7(865)249-4330', 119500, 32, true),
       -- Lead Developers
       (5, 'Emma', 'Smith', '1988-11-30', '+7531862940', 168000, 40, true),
       (5, 'Noah', 'Anderson', '1995-07-12', '+6420378159', 150000, 32, true),
       -- Designers
       (6, 'Homer', 'Simpson', '1983-04-18', '+83496340293', 100000, 20, false),
       (6, 'Ava', 'Taylor', '1983-04-18', '+1956283470', 150000, 24, true),
       -- Analysts
       (7, 'Mason', 'Brown', '1992-12-05', '+4309675812', 107000, 18, true);

insert into employee_versions (employee_id, position_id, first_name, second_name, birth_date, phone_number, salary,
                               load, valid_from, valid_to)
values (1, 1, 'Eric', 'Anderson', '1972-12-24', '8(923)-123-3455', 60000, 40, '2020-12-10', '2021-11-23'),
       (1, 1, 'Eric', 'Anderson', '1972-12-24', '8(923)-123-3455', 120000, 40, '2021-11-23', '2022-11-23'),
       (1, 1, 'Eric', 'Anderson', '1972-12-24', '8(923)-123-3455', 240000, 40, '2022-11-23', '2023-06-05'),
       (2, 2, 'John', 'Doe', '1990-01-15', '+1234567890', 70000, 40, '2021-07-15', '2023-05-12'),
       (2, 2, 'John', 'Doe', '1990-01-15', '+1234567890', 150000, 40, '2022-11-23', '2023-05-12'),
       (2, 1, 'John', 'Doe', '1990-01-15', '+1234567890', 350000, 40, '2023-06-06', '9999-01-01'),
       (3, 2, 'Jane', 'Smith', '1985-05-20', '+9876543210', 98000, 30, '2023-05-12', '9999-01-01'),
       (4, 3, 'Nicola', 'Jefferson', '2002-05-28', '+7832-345-6477', 20000, 8, '2023-08-12', '9999-01-01'),
       (10, 4, 'Emma', 'Smith', '1988-11-30', '+7531862940', 50000, 40, '2020-12-10', '2021-11-23'),
       (10, 4, 'Emma', 'Smith', '1988-11-30', '+7531862940', 80000, 40, '2021-11-23', '2022-11-23'),
       (10, 4, 'Emma', 'Smith', '1988-11-30', '+7531862940', 120000, 40, '2022-11-23', '2023-11-23'),
       (10, 5, 'Emma', 'Smith', '1988-11-30', '+7531862940', 168000, 40, '2023-11-23', '9999-01-01'),
       (11, 4, 'Noah', 'Anderson', '1995-07-12', '+6420378159', 72000, 32, '2021-05-12', '2022-11-23'),
       (11, 4, 'Noah', 'Anderson', '1995-07-12', '+6420378159', 98000, 32, '2022-11-23', '2023-11-23'),
       (11, 5, 'Noah', 'Anderson', '1995-07-12', '+6420378159', 150000, 32, '2023-11-23', '9999-01-01'),
       (14, 7, 'Mason', 'Brown', '1992-12-05', '+4309675812', 107000, 18, '2023-07-07', '9999-01-01'),
       (12, 6, 'Homer', 'Simpson', '1983-04-18', '+83496340293', 60000, 20, '2021-06-17', '2022-11-23'),
       (12, 6, 'Homer', 'Simpson', '1983-04-18', '+83496340293', 100000, 20, '2022-11-23', '2023-09-11'),
       (13, 6, 'Ava', 'Taylor', '1983-04-18', '+1956283470', 150000, 24, '2023-09-30', '9999-01-01'),
       (5, 3, 'Ali', 'Belyakov', '1992-01-13', '+7(345)266-8849', 12000, 40, '2023-04-12', '2023-07-11'),
       (5, 4, 'Ali', 'Belyakov', '1992-01-13', '+7(345)266-8849', 98000, 40, '2023-07-11', '9999-01-01'),
       (6, 4, 'Mike', 'Johnson', '1998-08-10', '+7(421)263-6822', 112000, 35, '2023-06-27', '9999-01-01'),
       (7, 4, 'Zhanatan', 'Berrington', '1996-02-19', '+7(865)215-7908', 45000, 40, '2020-12-10', '2022-11-23'),
       (7, 4, 'Zhanatan', 'Berrington', '1996-02-19', '+7(865)215-7908', 108000, 40, '2022-11-23', '9999-01-01'),
       (8, 4, 'Vitaliy', 'Chekhov', '1999-12-18', '+7(351)766-2868', 48000, 35, '2020-12-10', '2022-11-23'),
       (8, 4, 'Vitaliy', 'Chekhov', '1999-12-18', '+7(351)766-2868', 106000, 35, '2022-11-23', '9999-01-01'),
       (9, 4, 'Ivan', 'Pechkin', '1995-08-10', '+7(865)249-4330', 119500, 32, '2023-07-03', '9999-01-01');

insert into pass (employee_id, is_valid)
values (1, false),
       (2, true),
       (3, true),
       (4, true),
       (5, true),
       (6, true),
       (7, true),
       (8, true),
       (9, true),
       (10, true),
       (11, true),
       (12, false),
       (13, true),
       (14, true);

insert into office_x_pass (office_code, pass_id)
values -- 'NY01'
       ('NY01', 1),
       ('NY01', 2),
       ('NY01', 3),
       ('NY01', 4),
       ('NY01', 5),
       ('NY01', 6),
       ('NY01', 7),
       ('NY01', 8),
       ('NY01', 9),
       ('NY01', 10),
       ('NY01', 11),
       ('NY01', 12),
       ('NY01', 13),
       ('NY01', 14),
       -- 'NY02'
       ('NY02', 2),
       ('NY02', 3),
       ('NY02', 4),
       ('NY02', 5),
       ('NY02', 6),
       ('NY02', 7),
       ('NY02', 8),
       ('NY02', 9),
       ('NY02', 10),
       ('NY02', 11),
       -- 'SF01'
       ('SF01', 2),
       ('SF01', 3),
       ('SF01', 12),
       ('SF01', 13),
       ('SF01', 14)
;

insert into room_booking (room_id, employee_id, booking_date, start_booking, end_booking)
values (1, 2, '2023-12-18 12:00', '2023-12-21 13:00', '2023-12-21 15:00'),
       (4, 2, '2023-12-18 12:00', '2023-12-21 13:00', '2023-12-21 15:00'),
       (6, 2, '2023-12-18 12:00', '2023-12-21 13:00', '2023-12-21 15:00'),
       (2, 3, '2023-12-20 16:21', '2023-12-21 11:00', '2023-12-21 11:30'),
       (6, 3, '2023-12-20 16:21', '2023-12-21 11:00', '2023-12-21 11:30'),
       (1, 2, '2023-12-20 14:58', '2023-12-21 16:00', '2023-12-21 16:55'),
       (2, 10, '2023-12-21 16:14', '2023-12-21 16:30', '2023-12-21 17:00'),
       (3, 4, '2023-12-20 16:20', '2023-12-21 16:30', '2023-12-21 17:30'),
       (1, 2, '2023-12-18 12:05', '2023-12-20 13:00', '2023-12-20 15:00'),
       (4, 2, '2023-12-18 12:05', '2023-12-20 13:00', '2023-12-20 15:00'),
       (6, 2, '2023-12-20 12:05', '2023-12-20 13:00', '2023-12-20 15:00'),
       (5, 13, '2023-12-20 12:00', '2023-12-21 10:00', '2023-12-21 11:00'),
       (6, 13, '2023-12-20 12:00', '2023-12-21 10:00', '2023-12-21 11:00'),
       (5, 14, '2023-12-21 18:51', '2023-12-21 19:00', '2023-12-21 21:00'),
       (4, 2, '2023-12-18 12:06', '2023-12-25 13:00', '2023-12-25 15:00');


insert into entrance_time (pass_id, office_code, time, is_entrance)
values (1, 'NY01', '2023-01-10 14:55', true),
       (1, 'NY01', '2023-01-10 15:30', false),
       (1, 'NY01', '2023-01-10 16:00', true),
       (1, 'NY01', '2023-01-10 19:00', false),
       (2, 'NY01', '2023-01-10 14:55', true),
       (2, 'NY01', '2023-01-10 15:30', false),
       (3, 'NY01', '2023-01-10 16:00', true),
       (3, 'NY01', '2023-01-10 19:00', false),
       (4, 'NY01', '2023-01-10 9:55', true),
       (4, 'NY01', '2023-01-10 13:30', false),
       (4, 'NY01', '2023-01-10 14:00', true),
       (4, 'NY01', '2023-01-10 19:00', false),
       (5, 'NY01', '2023-01-10 14:55', true),
       (5, 'NY01', '2023-01-10 15:30', false),
       (6, 'NY01', '2023-01-10 10:00', true),
       (6, 'NY01', '2023-01-10 19:00', false),

       (7, 'NY02', '2023-01-11 10:55', true),
       (7, 'NY02', '2023-01-11 13:30', false),
       (7, 'NY02', '2023-01-11 15:00', true),
       (7, 'NY02', '2023-01-11 19:30', false),
       (8, 'NY02', '2023-01-11 9:55', true),
       (8, 'NY02', '2023-01-11 15:30', false),
       (9, 'NY02', '2023-01-11 16:00', true),
       (9, 'NY02', '2023-01-11 20:00', false),
       (10, 'NY02', '2023-01-11 8:55', true),
       (10, 'NY02', '2023-01-11 12:30', false),
       (10, 'NY02', '2023-01-11 13:00', true),
       (10, 'NY02', '2023-01-11 18:00', false),
       (11, 'NY02', '2023-01-11 14:25', true),
       (11, 'NY02', '2023-01-11 17:30', false),
       (6, 'NY02', '2023-01-11 9:30', true),
       (6, 'NY02', '2023-01-11 18:30', false),

       (2, 'SF01', '2023-01-12 12:55', true),
       (2, 'SF01', '2023-01-12 17:30', false),
       (3, 'SF01', '2023-01-12 18:00', true),
       (3, 'SF01', '2023-01-12 21:00', false),
       (12, 'SF01', '2023-01-12 14:55', true),
       (12, 'SF01', '2023-01-12 15:30', false),
       (12, 'SF01', '2023-01-12 16:00', true),
       (12, 'SF01', '2023-01-12 19:00', false),
       (13, 'SF01', '2023-01-12 9:55', true),
       (13, 'SF01', '2023-01-12 13:30', false),
       (13, 'SF01', '2023-01-12 14:00', true),
       (13, 'SF01', '2023-01-12 19:00', false),
       (14, 'SF01', '2023-01-12 14:55', true),
       (14, 'SF01', '2023-01-12 15:30', false)
